--
-- Script was generated by Devart dbForge Studio 2019 for MySQL, Version 8.2.23.0
-- Product home page: http://www.devart.com/dbforge/mysql/studio
-- Script date 2026. 04. 13. 11:56:21
-- Server version: 5.7.44
-- Client version: 4.1
--

-- 
-- Disable foreign keys
-- 
/*!40014 SET @OLD_FOREIGN_KEY_CHECKS=@@FOREIGN_KEY_CHECKS, FOREIGN_KEY_CHECKS=0 */;

-- 
-- Set SQL mode
-- 
/*!40101 SET @OLD_SQL_MODE=@@SQL_MODE, SQL_MODE='NO_AUTO_VALUE_ON_ZERO' */;

-- 
-- Set character set the client will use to send SQL statements to the server
--
SET NAMES 'utf8';

DROP DATABASE IF EXISTS event_organizer;

CREATE DATABASE IF NOT EXISTS event_organizer
	CHARACTER SET latin1
	COLLATE latin1_swedish_ci;

--
-- Set default database
--
USE event_organizer;

--
-- Create table `service_types`
--
CREATE TABLE IF NOT EXISTS service_types (
  id BIGINT(20) UNSIGNED NOT NULL AUTO_INCREMENT,
  serviceTypeName VARCHAR(50) NOT NULL,
  created_at TIMESTAMP NULL DEFAULT NULL,
  updated_at TIMESTAMP NULL DEFAULT NULL,
  PRIMARY KEY (id)
)
ENGINE = INNODB,
AUTO_INCREMENT = 5,
AVG_ROW_LENGTH = 4096,
CHARACTER SET utf8mb4,
COLLATE utf8mb4_unicode_ci;

--
-- Create index `service_types_servicetypename_unique` on table `service_types`
--
ALTER TABLE service_types 
  ADD UNIQUE INDEX service_types_servicetypename_unique(serviceTypeName);

--
-- Create table `services`
--
CREATE TABLE IF NOT EXISTS services (
  id BIGINT(20) UNSIGNED NOT NULL AUTO_INCREMENT,
  service VARCHAR(50) NOT NULL,
  serviceTypeId BIGINT(20) UNSIGNED NOT NULL,
  price DECIMAL(10, 2) NOT NULL,
  created_at TIMESTAMP NULL DEFAULT NULL,
  updated_at TIMESTAMP NULL DEFAULT NULL,
  PRIMARY KEY (id)
)
ENGINE = INNODB,
AUTO_INCREMENT = 10,
AVG_ROW_LENGTH = 1820,
CHARACTER SET utf8mb4,
COLLATE utf8mb4_unicode_ci;

--
-- Create index `services_service_unique` on table `services`
--
ALTER TABLE services 
  ADD UNIQUE INDEX services_service_unique(service);

--
-- Create foreign key
--
ALTER TABLE services 
  ADD CONSTRAINT services_servicetypeid_foreign FOREIGN KEY (serviceTypeId)
    REFERENCES service_types(id);

--
-- Create table `pictures`
--
CREATE TABLE IF NOT EXISTS pictures (
  id BIGINT(20) UNSIGNED NOT NULL AUTO_INCREMENT,
  pictureName VARCHAR(150) NOT NULL,
  serviceId BIGINT(20) UNSIGNED NOT NULL,
  created_at TIMESTAMP NULL DEFAULT NULL,
  updated_at TIMESTAMP NULL DEFAULT NULL,
  PRIMARY KEY (id)
)
ENGINE = INNODB,
AUTO_INCREMENT = 85,
AVG_ROW_LENGTH = 195,
CHARACTER SET utf8mb4,
COLLATE utf8mb4_unicode_ci;

--
-- Create index `pictures_picturename_unique` on table `pictures`
--
ALTER TABLE pictures 
  ADD UNIQUE INDEX pictures_picturename_unique(pictureName);

--
-- Create foreign key
--
ALTER TABLE pictures 
  ADD CONSTRAINT pictures_serviceid_foreign FOREIGN KEY (serviceId)
    REFERENCES services(id);

--
-- Create table `users`
--
CREATE TABLE IF NOT EXISTS users (
  id BIGINT(20) UNSIGNED NOT NULL AUTO_INCREMENT,
  name VARCHAR(191) NOT NULL,
  email VARCHAR(191) NOT NULL,
  role INT(11) NOT NULL DEFAULT 2,
  idNumber VARCHAR(10) DEFAULT NULL,
  city VARCHAR(50) DEFAULT NULL,
  street VARCHAR(70) DEFAULT NULL,
  houseNumber VARCHAR(10) DEFAULT NULL,
  postCode VARCHAR(10) DEFAULT NULL,
  email_verified_at TIMESTAMP NULL DEFAULT NULL,
  password VARCHAR(191) NOT NULL,
  remember_token VARCHAR(100) DEFAULT NULL,
  created_at TIMESTAMP NULL DEFAULT NULL,
  updated_at TIMESTAMP NULL DEFAULT NULL,
  PRIMARY KEY (id)
)
ENGINE = INNODB,
AUTO_INCREMENT = 22,
AVG_ROW_LENGTH = 780,
CHARACTER SET utf8mb4,
COLLATE utf8mb4_unicode_ci;

--
-- Create index `users_email_unique` on table `users`
--
ALTER TABLE users 
  ADD UNIQUE INDEX users_email_unique(email);

--
-- Create table `locations`
--
CREATE TABLE IF NOT EXISTS locations (
  id BIGINT(20) UNSIGNED NOT NULL AUTO_INCREMENT,
  cityName VARCHAR(80) NOT NULL,
  zipCode VARCHAR(5) NOT NULL,
  street VARCHAR(125) NOT NULL,
  houseNumber VARCHAR(10) NOT NULL,
  locationName VARCHAR(80) NOT NULL,
  maxCapacity INT(11) NOT NULL,
  minCapacity INT(11) NOT NULL,
  priceSlashPerson DECIMAL(10, 2) NOT NULL,
  roomPriceSlashDay DECIMAL(10, 2) NOT NULL,
  created_at TIMESTAMP NULL DEFAULT NULL,
  updated_at TIMESTAMP NULL DEFAULT NULL,
  PRIMARY KEY (id)
)
ENGINE = INNODB,
AUTO_INCREMENT = 21,
AVG_ROW_LENGTH = 819,
CHARACTER SET utf8mb4,
COLLATE utf8mb4_unicode_ci;

--
-- Create index `locations_zipcode_street_housenumber_locationname_unique` on table `locations`
--
ALTER TABLE locations 
  ADD UNIQUE INDEX locations_zipcode_street_housenumber_locationname_unique(zipCode, street, houseNumber, locationName);

--
-- Create table `orders`
--
CREATE TABLE IF NOT EXISTS orders (
  id BIGINT(20) UNSIGNED NOT NULL AUTO_INCREMENT,
  userId BIGINT(20) UNSIGNED NOT NULL,
  locationId BIGINT(20) UNSIGNED NOT NULL,
  howManyPeople INT(11) DEFAULT NULL,
  howManyDays INT(11) DEFAULT NULL,
  orderTime DATETIME DEFAULT NULL,
  is_system TINYINT(1) NOT NULL DEFAULT 0,
  created_at TIMESTAMP NULL DEFAULT NULL,
  updated_at TIMESTAMP NULL DEFAULT NULL,
  PRIMARY KEY (id)
)
ENGINE = INNODB,
AUTO_INCREMENT = 54,
AVG_ROW_LENGTH = 327,
CHARACTER SET utf8mb4,
COLLATE utf8mb4_unicode_ci;

--
-- Create index `orders_userid_locationid_ordertime_unique` on table `orders`
--
ALTER TABLE orders 
  ADD UNIQUE INDEX orders_userid_locationid_ordertime_unique(userId, locationId, orderTime);

--
-- Create foreign key
--
ALTER TABLE orders 
  ADD CONSTRAINT orders_locationid_foreign FOREIGN KEY (locationId)
    REFERENCES locations(id);

--
-- Create foreign key
--
ALTER TABLE orders 
  ADD CONSTRAINT orders_userid_foreign FOREIGN KEY (userId)
    REFERENCES users(id);

--
-- Create table `order_services`
--
CREATE TABLE IF NOT EXISTS order_services (
  id BIGINT(20) UNSIGNED NOT NULL AUTO_INCREMENT,
  orderId BIGINT(20) UNSIGNED NOT NULL,
  serviceId BIGINT(20) UNSIGNED NOT NULL,
  created_at TIMESTAMP NULL DEFAULT NULL,
  updated_at TIMESTAMP NULL DEFAULT NULL,
  PRIMARY KEY (id)
)
ENGINE = INNODB,
AUTO_INCREMENT = 39,
AVG_ROW_LENGTH = 468,
CHARACTER SET utf8mb4,
COLLATE utf8mb4_unicode_ci;

--
-- Create index `order_services_orderid_serviceid_unique` on table `order_services`
--
ALTER TABLE order_services 
  ADD UNIQUE INDEX order_services_orderid_serviceid_unique(orderId, serviceId);

--
-- Create foreign key
--
ALTER TABLE order_services 
  ADD CONSTRAINT order_services_orderid_foreign FOREIGN KEY (orderId)
    REFERENCES orders(id);

--
-- Create foreign key
--
ALTER TABLE order_services 
  ADD CONSTRAINT order_services_serviceid_foreign FOREIGN KEY (serviceId)
    REFERENCES services(id);

--
-- Create table `locations_pictures`
--
CREATE TABLE IF NOT EXISTS locations_pictures (
  id BIGINT(20) UNSIGNED NOT NULL AUTO_INCREMENT,
  locationId BIGINT(20) UNSIGNED NOT NULL,
  pictureId BIGINT(20) UNSIGNED NOT NULL,
  created_at TIMESTAMP NULL DEFAULT NULL,
  updated_at TIMESTAMP NULL DEFAULT NULL,
  PRIMARY KEY (id)
)
ENGINE = INNODB,
AUTO_INCREMENT = 61,
AVG_ROW_LENGTH = 273,
CHARACTER SET utf8mb4,
COLLATE utf8mb4_unicode_ci;

--
-- Create index `locations_pictures_locationid_pictureid_unique` on table `locations_pictures`
--
ALTER TABLE locations_pictures 
  ADD UNIQUE INDEX locations_pictures_locationid_pictureid_unique(locationId, pictureId);

--
-- Create foreign key
--
ALTER TABLE locations_pictures 
  ADD CONSTRAINT locations_pictures_locationid_foreign FOREIGN KEY (locationId)
    REFERENCES locations(id) ON DELETE CASCADE;

--
-- Create foreign key
--
ALTER TABLE locations_pictures 
  ADD CONSTRAINT locations_pictures_pictureid_foreign FOREIGN KEY (pictureId)
    REFERENCES pictures(id) ON DELETE CASCADE;

--
-- Create table `sessions`
--
CREATE TABLE IF NOT EXISTS sessions (
  id VARCHAR(191) NOT NULL,
  user_id BIGINT(20) UNSIGNED DEFAULT NULL,
  ip_address VARCHAR(45) DEFAULT NULL,
  user_agent TEXT DEFAULT NULL,
  payload LONGTEXT NOT NULL,
  last_activity INT(11) NOT NULL,
  PRIMARY KEY (id)
)
ENGINE = INNODB,
CHARACTER SET utf8mb4,
COLLATE utf8mb4_unicode_ci;

--
-- Create index `sessions_last_activity_index` on table `sessions`
--
ALTER TABLE sessions 
  ADD INDEX sessions_last_activity_index(last_activity);

--
-- Create index `sessions_user_id_index` on table `sessions`
--
ALTER TABLE sessions 
  ADD INDEX sessions_user_id_index(user_id);

--
-- Create table `personal_access_tokens`
--
CREATE TABLE IF NOT EXISTS personal_access_tokens (
  id BIGINT(20) UNSIGNED NOT NULL AUTO_INCREMENT,
  tokenable_type VARCHAR(191) NOT NULL,
  tokenable_id BIGINT(20) UNSIGNED NOT NULL,
  name TEXT NOT NULL,
  token VARCHAR(64) NOT NULL,
  abilities TEXT DEFAULT NULL,
  last_used_at TIMESTAMP NULL DEFAULT NULL,
  expires_at TIMESTAMP NULL DEFAULT NULL,
  created_at TIMESTAMP NULL DEFAULT NULL,
  updated_at TIMESTAMP NULL DEFAULT NULL,
  PRIMARY KEY (id)
)
ENGINE = INNODB,
AUTO_INCREMENT = 6,
AVG_ROW_LENGTH = 8192,
CHARACTER SET utf8mb4,
COLLATE utf8mb4_unicode_ci;

--
-- Create index `personal_access_tokens_expires_at_index` on table `personal_access_tokens`
--
ALTER TABLE personal_access_tokens 
  ADD INDEX personal_access_tokens_expires_at_index(expires_at);

--
-- Create index `personal_access_tokens_token_unique` on table `personal_access_tokens`
--
ALTER TABLE personal_access_tokens 
  ADD UNIQUE INDEX personal_access_tokens_token_unique(token);

--
-- Create index `personal_access_tokens_tokenable_type_tokenable_id_index` on table `personal_access_tokens`
--
ALTER TABLE personal_access_tokens 
  ADD INDEX personal_access_tokens_tokenable_type_tokenable_id_index(tokenable_type, tokenable_id);

--
-- Create table `password_reset_tokens`
--
CREATE TABLE IF NOT EXISTS password_reset_tokens (
  email VARCHAR(191) NOT NULL,
  token VARCHAR(191) NOT NULL,
  created_at TIMESTAMP NULL DEFAULT NULL,
  PRIMARY KEY (email)
)
ENGINE = INNODB,
CHARACTER SET utf8mb4,
COLLATE utf8mb4_unicode_ci;

--
-- Create table `migrations`
--
CREATE TABLE IF NOT EXISTS migrations (
  id INT(10) UNSIGNED NOT NULL AUTO_INCREMENT,
  migration VARCHAR(191) NOT NULL,
  batch INT(11) NOT NULL,
  PRIMARY KEY (id)
)
ENGINE = INNODB,
AUTO_INCREMENT = 13,
AVG_ROW_LENGTH = 1365,
CHARACTER SET utf8mb4,
COLLATE utf8mb4_unicode_ci;

--
-- Create table `job_batches`
--
CREATE TABLE IF NOT EXISTS job_batches (
  id VARCHAR(191) NOT NULL,
  name VARCHAR(191) NOT NULL,
  total_jobs INT(11) NOT NULL,
  pending_jobs INT(11) NOT NULL,
  failed_jobs INT(11) NOT NULL,
  failed_job_ids LONGTEXT NOT NULL,
  options MEDIUMTEXT DEFAULT NULL,
  cancelled_at INT(11) DEFAULT NULL,
  created_at INT(11) NOT NULL,
  finished_at INT(11) DEFAULT NULL,
  PRIMARY KEY (id)
)
ENGINE = INNODB,
CHARACTER SET utf8mb4,
COLLATE utf8mb4_unicode_ci;

--
-- Create table `jobs`
--
CREATE TABLE IF NOT EXISTS jobs (
  id BIGINT(20) UNSIGNED NOT NULL AUTO_INCREMENT,
  queue VARCHAR(191) NOT NULL,
  payload LONGTEXT NOT NULL,
  attempts TINYINT(3) UNSIGNED NOT NULL,
  reserved_at INT(10) UNSIGNED DEFAULT NULL,
  available_at INT(10) UNSIGNED NOT NULL,
  created_at INT(10) UNSIGNED NOT NULL,
  PRIMARY KEY (id)
)
ENGINE = INNODB,
CHARACTER SET utf8mb4,
COLLATE utf8mb4_unicode_ci;

--
-- Create index `jobs_queue_index` on table `jobs`
--
ALTER TABLE jobs 
  ADD INDEX jobs_queue_index(queue);

--
-- Create table `failed_jobs`
--
CREATE TABLE IF NOT EXISTS failed_jobs (
  id BIGINT(20) UNSIGNED NOT NULL AUTO_INCREMENT,
  uuid VARCHAR(191) NOT NULL,
  `connection` TEXT NOT NULL,
  queue TEXT NOT NULL,
  payload LONGTEXT NOT NULL,
  exception LONGTEXT NOT NULL,
  failed_at TIMESTAMP NOT NULL DEFAULT CURRENT_TIMESTAMP,
  PRIMARY KEY (id)
)
ENGINE = INNODB,
CHARACTER SET utf8mb4,
COLLATE utf8mb4_unicode_ci;

--
-- Create index `failed_jobs_uuid_unique` on table `failed_jobs`
--
ALTER TABLE failed_jobs 
  ADD UNIQUE INDEX failed_jobs_uuid_unique(uuid);

--
-- Create table `cache_locks`
--
CREATE TABLE IF NOT EXISTS cache_locks (
  `key` VARCHAR(191) NOT NULL,
  owner VARCHAR(191) NOT NULL,
  expiration INT(11) NOT NULL,
  PRIMARY KEY (`key`)
)
ENGINE = INNODB,
CHARACTER SET utf8mb4,
COLLATE utf8mb4_unicode_ci;

--
-- Create table `cache`
--
CREATE TABLE IF NOT EXISTS cache (
  `key` VARCHAR(191) NOT NULL,
  value MEDIUMTEXT NOT NULL,
  expiration INT(11) NOT NULL,
  PRIMARY KEY (`key`)
)
ENGINE = INNODB,
CHARACTER SET utf8mb4,
COLLATE utf8mb4_unicode_ci;

-- 
-- Dumping data for table service_types
--
INSERT INTO service_types VALUES
(1, 'helyszín', '2026-03-24 12:04:13', '2026-03-24 12:04:13'),
(2, 'étel', '2026-03-24 12:04:13', '2026-03-24 12:04:13'),
(3, 'zene', '2026-03-24 12:04:13', '2026-03-24 12:04:13'),
(4, 'dekoráció', '2026-03-24 12:04:13', '2026-03-24 12:04:13');

-- 
-- Dumping data for table users
--
INSERT INTO users VALUES
(1, 'Admin', 'admin@example.com', 1, 'UJ749732', 'Budapest', 'Mátyás gát', '158', '2100', NULL, '$2y$12$8oCqr4b1KjHSezYBl8SeCe.OHiqagL56R9.OzMDSwFv39BOjuziqq', NULL, '2026-03-24 12:04:14', '2026-03-24 12:04:14'),
(2, 'Megrendelo1', 'megrendelo1@gmail.com', 2, 'LS063720', 'Mohács', 'Balog árok', '182', '1595', NULL, '$2y$12$lGPhOt4W9DzeQIGvqd0rI.DOut19ItJhffI9.oFSSWXfjx4TA2dU2', NULL, '2026-03-24 12:04:18', '2026-03-24 12:04:18'),
(3, 'Megrendelo2', 'megrendelo2@gmail.com', 2, 'AT659311', 'Budapest', 'Endre pincesor', '153', '9369', NULL, '$2y$12$gsxrkOd5jGMfqmzb3fa73umo6VJ7YMdOlYkzddkl9lQoAWT05ibN6', NULL, '2026-03-24 12:04:18', '2026-03-24 12:04:18'),
(4, 'Megrendelo3', 'megrendelo3@gmail.com', 2, 'OG876892', 'Kecskemét', 'Kovács udvar', '154', '9828', NULL, '$2y$12$iRWGisTefLEFkEH3LFUnkOPmczEp8257HMfhW82Nm18IlUiqmAoeu', NULL, '2026-03-24 12:04:18', '2026-03-24 12:04:18'),
(5, 'Megrendelo4', 'megrendelo4@gmail.com', 2, 'SR630063', 'Budapest', 'Kincső gát', '70', '9587', NULL, '$2y$12$pCypydnCfEEFfZ8ZwCGxxedHFgcdoO6KE1JR1KOW6pxkBGby5fnda', NULL, '2026-03-24 12:04:18', '2026-03-24 12:04:18'),
(6, 'Megrendelo5', 'megrendelo5@gmail.com', 2, 'GI564837', 'Budapest', 'Evelin dűlőút', '69', '0172', NULL, '$2y$12$s0B3R2eeRb0A8klBEGDXp.oZomZV19T/pgU44tDknSpEE3liv55yS', NULL, '2026-03-24 12:04:18', '2026-03-24 12:04:18'),
(7, 'Megrendelo6', 'megrendelo6@gmail.com', 2, 'HX830446', 'Budapest', 'Bálint gát', '170', '8121', NULL, '$2y$12$T9eVmCpK02wHgXripWc0u.yOzSSblAOUTLIwv2UHMKTpt.NBkZ/5W', NULL, '2026-03-24 12:04:18', '2026-03-24 12:04:18'),
(8, 'Megrendelo7', 'megrendelo7@gmail.com', 2, 'MT216075', 'Budapest', 'Bence körút', '174', '9258', NULL, '$2y$12$whTXbjYCYwsSqS/UtHCvdu0GpBMBRpBlRgEOkREKTwit5dFWXitMe', NULL, '2026-03-24 12:04:18', '2026-03-24 12:04:18'),
(9, 'Megrendelo8', 'megrendelo8@gmail.com', 2, 'UN434661', 'Debrecen', 'Farkas lépcső', '3', '1298', NULL, '$2y$12$lLo19T6PVSoGybia9ke7gOCksHdP.dwH0zpboskhDuD3YI568vcSG', NULL, '2026-03-24 12:04:18', '2026-03-24 12:04:18'),
(10, 'Megrendelo9', 'megrendelo9@gmail.com', 2, 'ND595299', 'Budapest', 'Vince országút', '113', '7188', NULL, '$2y$12$/bEyuoqHGsqKdNnQ.rkl3OiFeF8jYSYPgAjvPUNQ.UqjUHfwQfIwm', NULL, '2026-03-24 12:04:18', '2026-03-24 12:04:18'),
(11, 'Megrendelo10', 'megrendelo10@gmail.com', 2, 'PY018847', 'Budapest', 'Molnár határsor', '136', '1357', NULL, '$2y$12$Ca3RYtIDxW6F31nzBYq18OV88fVVIXQpMQMXv2t5gpnBaoyhckuYG', NULL, '2026-03-24 12:04:18', '2026-03-24 12:04:18'),
(12, 'Megrendelo11', 'megrendelo11@gmail.com', 2, 'CX426526', 'Budapest', 'Németh ösvény', '167', '3174', NULL, '$2y$12$ny8REIWDBOmdNVdxGtRE9.pFeJsXNDB.u6algZnu65.g4MC0KyKeq', NULL, '2026-03-24 12:04:18', '2026-03-24 12:04:18'),
(13, 'Megrendelo12', 'megrendelo12@gmail.com', 2, 'XN011048', 'Ibrány', 'Kozma forduló', '100', '5813', NULL, '$2y$12$XSb8RBHI2Wl44lG0VQ/Q9eoqjMhnlgj42a4v0yI5gVD9TVQla71G2', NULL, '2026-03-24 12:04:18', '2026-03-24 12:04:18'),
(14, 'Megrendelo13', 'megrendelo13@gmail.com', 2, 'BX558671', 'Budapest', 'Ármin útja', '169', '1870', NULL, '$2y$12$uz4/iGl3jx8OoWWvEKK4f.0wKqrWVvsiBeTU1hYagQq7qVGZtAs3u', NULL, '2026-03-24 12:04:18', '2026-03-24 12:04:18'),
(15, 'Megrendelo14', 'megrendelo14@gmail.com', 2, 'IW064538', 'Budapest', 'Csenge lejáró', '16', '8760', NULL, '$2y$12$bTWcOcel0Aj0tUs6zAA6z.q16Bxr7aTE1Cu6..EfB05rUdAbUAMK6', NULL, '2026-03-24 12:04:18', '2026-03-24 12:04:18'),
(16, 'Megrendelo15', 'megrendelo15@gmail.com', 2, 'HN457656', 'Győr', 'Marietta körönd', '63', '3380', NULL, '$2y$12$UOFkDKfc.vA3.xw3H3j/feR5jqmECY915gTDmwlRLxKcE6HInLspe', NULL, '2026-03-24 12:04:18', '2026-03-24 12:04:18'),
(17, 'Megrendelo16', 'megrendelo16@gmail.com', 2, 'DV772645', 'Sopron', 'Vincze lejtő', '184', '0416', NULL, '$2y$12$zDcq2n7aHriCAioldndk.uSozWpq/H/2UxP.CKxT.X8o7oJ3HoPsG', NULL, '2026-03-24 12:04:18', '2026-03-24 12:04:18'),
(18, 'Megrendelo17', 'megrendelo17@gmail.com', 2, 'OV967877', 'Érd', 'Takács határsor', '96', '0282', NULL, '$2y$12$agIwfiXD2J/0hV06I9MTxeWODqfQbp5LBooMP1Nq64EEgwwvmH/Hy', NULL, '2026-03-24 12:04:18', '2026-03-24 12:04:18'),
(19, 'Megrendelo18', 'megrendelo18@gmail.com', 2, 'MK621439', 'Győr', 'Zétény dűlősor', '18', '6760', NULL, '$2y$12$AXJrp7bBzfDxhhmot9SPzeRpHcTuWRZXEgNo0bE0Xmzks6TvuNNQm', NULL, '2026-03-24 12:04:18', '2026-03-24 12:04:18'),
(20, 'Megrendelo19', 'megrendelo19@gmail.com', 2, 'AO250199', 'Budakeszi', 'Fülöp sor', '194', '0541', NULL, '$2y$12$APSMqb21brDaQ/VyVgX2PO5DyQnkh13PqBjBcRFVhZTeC4WjoSZEu', NULL, '2026-03-24 12:04:18', '2026-03-24 12:04:18'),
(21, 'Megrendelo20', 'megrendelo20@gmail.com', 2, 'IS335136', 'Mezőkövesd', 'Orosz rakpart', '192', '4990', NULL, '$2y$12$9W./k/lkdeml8efSi/ZymuyPl/FhGdluY7oRPvz2Nt0cFaIrw3kPm', NULL, '2026-03-24 12:04:18', '2026-03-24 12:04:18');

-- 
-- Dumping data for table locations
--
INSERT INTO locations VALUES
(1, 'Berettyóújfalu', '5101', 'Bognár útja', '31', 'templom', 99, 42, 24408.00, 134088.00, '2026-03-24 12:04:18', '2026-03-24 12:04:18'),
(2, 'Budapest', '3856', 'Sándor sugárút', '200', 'rendezvény ház', 227, 76, 23386.00, 125944.00, '2026-03-24 12:04:18', '2026-03-24 12:04:18'),
(3, 'Budapest', '0077', 'Endre rakpart', '148', 'kastély', 237, 53, 12310.00, 93457.00, '2026-03-24 12:04:18', '2026-03-24 12:04:18'),
(4, 'Salgótarján', '6872', 'Attila ösvény', '90', 'étterem', 94, 43, 12993.00, 156975.00, '2026-03-24 12:04:18', '2026-03-24 12:04:18'),
(5, 'Budapest', '8377', 'Novák híd', '130', 'templom', 122, 40, 15285.00, 123621.00, '2026-03-24 12:04:18', '2026-03-24 12:04:18'),
(6, 'Budapest', '0171', 'Szilágyi lejtő', '104', 'kastély', 273, 68, 19909.00, 60875.00, '2026-03-24 12:04:18', '2026-03-24 12:04:18'),
(7, 'Budapest', '7067', 'Varga határsor', '176', 'kastély', 119, 16, 20106.00, 64797.00, '2026-03-24 12:04:18', '2026-03-24 12:04:18'),
(8, 'Tiszaújváros', '6902', 'Szekeres utca', '101', 'templom', 276, 70, 19326.00, 28493.00, '2026-03-24 12:04:18', '2026-03-24 12:04:18'),
(9, 'Sopron', '8712', 'László rakpart', '54', 'templom', 94, 94, 23175.00, 155465.00, '2026-03-24 12:04:18', '2026-03-24 12:04:18'),
(10, 'Budapest', '1740', 'Attila út', '72', 'szálloda', 161, 83, 16157.00, 65927.00, '2026-03-24 12:04:18', '2026-03-24 12:04:18'),
(11, 'Eger', '4051', 'Magyar erdősor', '100', 'étterem', 252, 98, 15923.00, 162257.00, '2026-03-24 12:04:18', '2026-03-24 12:04:18'),
(12, 'Füzesabony', '7745', 'Ádám mélyút', '89', 'szálloda', 278, 78, 22212.00, 38975.00, '2026-03-24 12:04:18', '2026-03-24 12:04:18'),
(13, 'Kecskemét', '1507', 'Veres park', '47', 'rendezvény ház', 162, 36, 15365.00, 147647.00, '2026-03-24 12:04:18', '2026-03-24 12:04:18'),
(14, 'Budapest', '8315', 'Katalin körönd', '76', 'étterem', 74, 82, 12819.00, 37690.00, '2026-03-24 12:04:18', '2026-03-24 12:04:18'),
(15, 'Sopron', '4819', 'Zsombor pincesor', '124', 'szálloda', 199, 18, 22068.00, 152371.00, '2026-03-24 12:04:18', '2026-03-24 12:04:18'),
(16, 'Budapest', '1483', 'Csenge turistaút', '51', 'kastély', 253, 42, 21093.00, 72264.00, '2026-03-24 12:04:18', '2026-03-24 12:04:18'),
(17, 'Székesfehérvár', '7420', 'Szekeres sor', '105', 'szálloda', 201, 39, 20107.00, 37140.00, '2026-03-24 12:04:18', '2026-03-24 12:04:18'),
(18, 'Szolnok', '5650', 'Csenge útja', '93', 'szálloda', 215, 90, 18170.00, 187344.00, '2026-03-24 12:04:18', '2026-03-24 12:04:18'),
(19, 'Eger', '4030', 'Somogyi országút', '27', 'szálloda', 263, 94, 18121.00, 80332.00, '2026-03-24 12:04:18', '2026-03-24 12:04:18'),
(20, 'Mezőcsát', '1566', 'Fábián rakpart', '89', 'étterem', 135, 27, 19584.00, 61517.00, '2026-03-24 12:04:18', '2026-03-24 12:04:18');

-- 
-- Dumping data for table services
--
INSERT INTO services VALUES
(1, 'helyszín', 1, 0.00, '2026-03-24 12:04:18', '2026-03-24 12:04:18'),
(2, 'élő zene', 3, 70000.00, '2026-03-24 12:04:18', '2026-03-24 12:04:18'),
(3, 'dj', 3, 50000.00, '2026-03-24 12:04:18', '2026-03-24 12:04:18'),
(4, 'két fogásos menü', 2, 6000.00, '2026-03-24 12:04:18', '2026-03-24 12:04:18'),
(5, 'három fogásos menü', 2, 10000.00, '2026-03-24 12:04:18', '2026-03-24 12:04:18'),
(6, 'négy fogásos menü', 2, 15000.00, '2026-03-24 12:04:18', '2026-03-24 12:04:18'),
(7, 'egyszerű dekoráció', 4, 100000.00, '2026-03-24 12:04:18', '2026-03-24 12:04:18'),
(8, 'közepes dekoráció', 4, 150000.00, '2026-03-24 12:04:18', '2026-03-24 12:04:18'),
(9, 'dekoratív dekoráció', 4, 200000.00, '2026-03-24 12:04:18', '2026-03-24 12:04:18');

-- 
-- Dumping data for table orders
--
INSERT INTO orders VALUES
(1, 1, 18, NULL, NULL, '2026-11-01 09:17:07', 0, '2026-03-24 12:04:18', '2026-03-24 12:04:18'),
(2, 13, 7, NULL, NULL, '2026-11-25 11:46:37', 0, '2026-03-24 12:04:18', '2026-03-24 12:04:18'),
(3, 12, 9, NULL, NULL, '2026-10-28 10:05:16', 0, '2026-03-24 12:04:19', '2026-03-24 12:04:19'),
(4, 2, 6, NULL, NULL, '2026-09-09 02:57:03', 0, '2026-03-24 12:04:19', '2026-03-24 12:04:19'),
(5, 4, 2, NULL, NULL, '2026-04-02 16:54:33', 0, '2026-03-24 12:04:19', '2026-03-24 12:04:19'),
(6, 15, 16, NULL, NULL, '2026-01-10 06:41:45', 0, '2026-03-24 12:04:19', '2026-03-24 12:04:19'),
(7, 12, 17, NULL, NULL, '2026-10-29 06:55:17', 0, '2026-03-24 12:04:19', '2026-03-24 12:04:19'),
(8, 4, 12, NULL, NULL, '2026-11-15 23:33:12', 0, '2026-03-24 12:04:19', '2026-03-24 12:04:19'),
(9, 21, 5, NULL, NULL, '2026-05-10 05:08:23', 0, '2026-03-24 12:04:19', '2026-03-24 12:04:19'),
(10, 15, 15, NULL, NULL, '2026-06-15 21:11:28', 0, '2026-03-24 12:04:19', '2026-03-24 12:04:19'),
(11, 20, 3, NULL, NULL, '2026-06-24 10:53:55', 0, '2026-03-24 12:04:19', '2026-03-24 12:04:19'),
(12, 4, 18, NULL, NULL, '2026-11-16 15:07:20', 0, '2026-03-24 12:04:19', '2026-03-24 12:04:19'),
(13, 20, 12, NULL, NULL, '2026-02-02 20:46:28', 0, '2026-03-24 12:04:19', '2026-03-24 12:04:19'),
(14, 18, 10, NULL, NULL, '2026-04-24 03:20:29', 0, '2026-03-24 12:04:19', '2026-03-24 12:04:19'),
(15, 20, 15, NULL, NULL, '2026-01-23 04:59:45', 0, '2026-03-24 12:04:19', '2026-03-24 12:04:19'),
(16, 4, 5, NULL, NULL, '2026-10-23 14:07:50', 0, '2026-03-24 12:04:19', '2026-03-24 12:04:19'),
(17, 4, 15, NULL, NULL, '2026-10-02 05:53:49', 0, '2026-03-24 12:04:19', '2026-03-24 12:04:19'),
(18, 13, 7, NULL, NULL, '2026-03-18 00:40:27', 0, '2026-03-24 12:04:19', '2026-03-24 12:04:19'),
(19, 6, 15, NULL, NULL, '2026-12-11 02:59:29', 0, '2026-03-24 12:04:19', '2026-03-24 12:04:19'),
(20, 3, 12, NULL, NULL, '2026-03-28 03:37:10', 0, '2026-03-24 12:04:19', '2026-03-24 12:04:19'),
(21, 8, 9, NULL, NULL, '2026-01-16 21:59:41', 0, '2026-03-24 12:04:19', '2026-03-24 12:04:19'),
(22, 2, 10, NULL, NULL, '2026-11-15 03:54:35', 0, '2026-03-24 12:04:19', '2026-03-24 12:04:19'),
(23, 16, 20, NULL, NULL, '2026-07-14 10:16:34', 0, '2026-03-24 12:04:19', '2026-03-24 12:04:19'),
(24, 13, 13, NULL, NULL, '2026-07-23 00:30:57', 0, '2026-03-24 12:04:19', '2026-03-24 12:04:19'),
(25, 3, 15, NULL, NULL, '2026-09-18 07:42:40', 0, '2026-03-24 12:04:19', '2026-03-24 12:04:19'),
(26, 6, 5, NULL, NULL, '2026-05-19 12:41:02', 0, '2026-03-24 12:04:19', '2026-03-24 12:04:19'),
(27, 4, 14, NULL, NULL, '2026-07-03 11:44:54', 0, '2026-03-24 12:04:19', '2026-03-24 12:04:19'),
(28, 9, 2, NULL, NULL, '2026-02-18 03:40:58', 0, '2026-03-24 12:04:19', '2026-03-24 12:04:19'),
(29, 10, 16, NULL, NULL, '2026-09-03 13:07:30', 0, '2026-03-24 12:04:19', '2026-03-24 12:04:19'),
(30, 4, 20, NULL, NULL, '2026-04-02 19:10:42', 0, '2026-03-24 12:04:19', '2026-03-24 12:04:19'),
(31, 15, 12, NULL, NULL, '2026-05-31 06:30:16', 0, '2026-03-24 12:04:19', '2026-03-24 12:04:19'),
(32, 16, 4, NULL, NULL, '2026-02-22 00:31:51', 0, '2026-03-24 12:04:19', '2026-03-24 12:04:19'),
(33, 13, 6, NULL, NULL, '2026-03-05 10:46:00', 0, '2026-03-24 12:04:19', '2026-03-24 12:04:19'),
(34, 2, 15, NULL, NULL, '2026-11-03 12:14:05', 0, '2026-03-24 12:04:19', '2026-03-24 12:04:19'),
(35, 16, 1, NULL, NULL, '2026-09-26 15:22:33', 0, '2026-03-24 12:04:19', '2026-03-24 12:04:19'),
(36, 9, 16, NULL, NULL, '2026-02-25 03:03:39', 0, '2026-03-24 12:04:19', '2026-03-24 12:04:19'),
(37, 21, 12, NULL, NULL, '2026-09-15 09:38:58', 0, '2026-03-24 12:04:19', '2026-03-24 12:04:19'),
(38, 7, 12, NULL, NULL, '2026-06-20 07:39:30', 0, '2026-03-24 12:04:19', '2026-03-24 12:04:19'),
(39, 15, 4, NULL, NULL, '2026-11-11 22:06:52', 0, '2026-03-24 12:04:19', '2026-03-24 12:04:19'),
(40, 3, 6, NULL, NULL, '2026-08-11 01:11:44', 0, '2026-03-24 12:04:19', '2026-03-24 12:04:19'),
(41, 18, 13, NULL, NULL, '2026-08-24 22:55:58', 0, '2026-03-24 12:04:19', '2026-03-24 12:04:19'),
(42, 9, 20, NULL, NULL, '2026-01-15 11:27:03', 0, '2026-03-24 12:04:19', '2026-03-24 12:04:19'),
(43, 6, 5, NULL, NULL, '2026-09-06 22:58:20', 0, '2026-03-24 12:04:19', '2026-03-24 12:04:19'),
(44, 8, 17, NULL, NULL, '2026-01-19 14:37:57', 0, '2026-03-24 12:04:19', '2026-03-24 12:04:19'),
(45, 10, 10, NULL, NULL, '2026-11-21 04:36:51', 0, '2026-03-24 12:04:19', '2026-03-24 12:04:19'),
(46, 18, 11, NULL, NULL, '2026-06-02 17:34:20', 0, '2026-03-24 12:04:19', '2026-03-24 12:04:19'),
(47, 21, 17, NULL, NULL, '2026-03-20 14:18:02', 0, '2026-03-24 12:04:19', '2026-03-24 12:04:19'),
(48, 21, 17, NULL, NULL, '2026-04-10 03:32:45', 0, '2026-03-24 12:04:19', '2026-03-24 12:04:19'),
(49, 13, 13, NULL, NULL, '2026-12-28 14:49:07', 0, '2026-03-24 12:04:19', '2026-03-24 12:04:19'),
(50, 20, 20, NULL, NULL, '2026-03-06 18:29:50', 0, '2026-03-24 12:04:19', '2026-03-24 12:04:19'),
(51, 1, 14, 3, 1, '2026-04-03 00:00:00', 0, '2026-03-25 11:03:11', '2026-03-25 11:03:11'),
(52, 1, 4, 4, 1, '2026-04-05 00:00:00', 0, '2026-03-25 11:09:14', '2026-03-25 11:09:14'),
(53, 1, 15, 3, 1, '2026-04-04 00:00:00', 0, '2026-03-25 12:05:43', '2026-03-25 12:05:43');

-- 
-- Dumping data for table pictures
--
INSERT INTO pictures VALUES
(1, 'location_3_1.jpg', 1, '2026-03-24 12:04:19', '2026-03-24 12:04:19'),
(2, 'location_3_2.jpg', 1, '2026-03-24 12:04:19', '2026-03-24 12:04:19'),
(3, 'location_3_3.jpg', 1, '2026-03-24 12:04:19', '2026-03-24 12:04:19'),
(4, 'location_6_1.jpg', 1, '2026-03-24 12:04:19', '2026-03-24 12:04:19'),
(5, 'location_6_2.jpg', 1, '2026-03-24 12:04:19', '2026-03-24 12:04:19'),
(6, 'location_6_3.jpg', 1, '2026-03-24 12:04:19', '2026-03-24 12:04:19'),
(7, 'location_16_1.jpg', 1, '2026-03-24 12:04:19', '2026-03-24 12:04:19'),
(8, 'location_16_2.jpg', 1, '2026-03-24 12:04:19', '2026-03-24 12:04:19'),
(9, 'location_16_3.jpg', 1, '2026-03-24 12:04:19', '2026-03-24 12:04:19'),
(10, 'location_13_1.jpg', 1, '2026-03-24 12:04:19', '2026-03-24 12:04:19'),
(11, 'location_13_2.jpg', 1, '2026-03-24 12:04:19', '2026-03-24 12:04:19'),
(12, 'location_13_3.jpg', 1, '2026-03-24 12:04:19', '2026-03-24 12:04:19'),
(13, 'location_20_1.jpg', 1, '2026-03-24 12:04:19', '2026-03-24 12:04:19'),
(14, 'location_20_2.jpg', 1, '2026-03-24 12:04:19', '2026-03-24 12:04:19'),
(15, 'location_20_3.jpg', 1, '2026-03-24 12:04:19', '2026-03-24 12:04:19'),
(16, 'location_10_1.jpg', 1, '2026-03-24 12:04:19', '2026-03-24 12:04:19'),
(17, 'location_10_2.jpg', 1, '2026-03-24 12:04:19', '2026-03-24 12:04:19'),
(18, 'location_10_3.jpg', 1, '2026-03-24 12:04:19', '2026-03-24 12:04:19'),
(19, 'location_2_1.jpg', 1, '2026-03-24 12:04:19', '2026-03-24 12:04:19'),
(20, 'location_2_2.jpg', 1, '2026-03-24 12:04:19', '2026-03-24 12:04:19'),
(21, 'location_2_3.jpg', 1, '2026-03-24 12:04:19', '2026-03-24 12:04:19'),
(22, 'location_19_1.jpg', 1, '2026-03-24 12:04:19', '2026-03-24 12:04:19'),
(23, 'location_19_2.jpg', 1, '2026-03-24 12:04:19', '2026-03-24 12:04:19'),
(24, 'location_19_3.jpg', 1, '2026-03-24 12:04:19', '2026-03-24 12:04:19'),
(25, 'location_11_1.jpg', 1, '2026-03-24 12:04:19', '2026-03-24 12:04:19'),
(26, 'location_11_2.jpg', 1, '2026-03-24 12:04:19', '2026-03-24 12:04:19'),
(27, 'location_11_3.jpg', 1, '2026-03-24 12:04:19', '2026-03-24 12:04:19'),
(28, 'location_15_1.jpg', 1, '2026-03-24 12:04:19', '2026-03-24 12:04:19'),
(29, 'location_15_2.jpg', 1, '2026-03-24 12:04:19', '2026-03-24 12:04:19'),
(30, 'location_15_3.jpg', 1, '2026-03-24 12:04:19', '2026-03-24 12:04:19'),
(31, 'location_1_1.jpg', 1, '2026-03-24 12:04:19', '2026-03-24 12:04:19'),
(32, 'location_1_2.jpg', 1, '2026-03-24 12:04:19', '2026-03-24 12:04:19'),
(33, 'location_1_3.jpg', 1, '2026-03-24 12:04:19', '2026-03-24 12:04:19'),
(34, 'location_18_1.jpg', 1, '2026-03-24 12:04:19', '2026-03-24 12:04:19'),
(35, 'location_18_2.jpg', 1, '2026-03-24 12:04:19', '2026-03-24 12:04:19'),
(36, 'location_18_3.jpg', 1, '2026-03-24 12:04:19', '2026-03-24 12:04:19'),
(37, 'location_4_1.jpg', 1, '2026-03-24 12:04:19', '2026-03-24 12:04:19'),
(38, 'location_4_2.jpg', 1, '2026-03-24 12:04:19', '2026-03-24 12:04:19'),
(39, 'location_4_3.jpg', 1, '2026-03-24 12:04:19', '2026-03-24 12:04:19'),
(40, 'location_8_1.jpg', 1, '2026-03-24 12:04:19', '2026-03-24 12:04:19'),
(41, 'location_8_2.jpg', 1, '2026-03-24 12:04:19', '2026-03-24 12:04:19'),
(42, 'location_8_3.jpg', 1, '2026-03-24 12:04:19', '2026-03-24 12:04:19'),
(43, 'location_7_1.jpg', 1, '2026-03-24 12:04:19', '2026-03-24 12:04:19'),
(44, 'location_7_2.jpg', 1, '2026-03-24 12:04:19', '2026-03-24 12:04:19'),
(45, 'location_7_3.jpg', 1, '2026-03-24 12:04:19', '2026-03-24 12:04:19'),
(46, 'location_17_1.jpg', 1, '2026-03-24 12:04:19', '2026-03-24 12:04:19'),
(47, 'location_17_2.jpg', 1, '2026-03-24 12:04:19', '2026-03-24 12:04:19'),
(48, 'location_17_3.jpg', 1, '2026-03-24 12:04:19', '2026-03-24 12:04:19'),
(49, 'location_12_1.jpg', 1, '2026-03-24 12:04:19', '2026-03-24 12:04:19'),
(50, 'location_12_2.jpg', 1, '2026-03-24 12:04:19', '2026-03-24 12:04:19'),
(51, 'location_12_3.jpg', 1, '2026-03-24 12:04:19', '2026-03-24 12:04:19'),
(52, 'location_14_1.jpg', 1, '2026-03-24 12:04:19', '2026-03-24 12:04:19'),
(53, 'location_14_2.jpg', 1, '2026-03-24 12:04:19', '2026-03-24 12:04:19'),
(54, 'location_14_3.jpg', 1, '2026-03-24 12:04:19', '2026-03-24 12:04:19'),
(55, 'location_5_1.jpg', 1, '2026-03-24 12:04:19', '2026-03-24 12:04:19'),
(56, 'location_5_2.jpg', 1, '2026-03-24 12:04:19', '2026-03-24 12:04:19'),
(57, 'location_5_3.jpg', 1, '2026-03-24 12:04:19', '2026-03-24 12:04:19'),
(58, 'location_9_1.jpg', 1, '2026-03-24 12:04:19', '2026-03-24 12:04:19'),
(59, 'location_9_2.jpg', 1, '2026-03-24 12:04:19', '2026-03-24 12:04:19'),
(60, 'location_9_3.jpg', 1, '2026-03-24 12:04:19', '2026-03-24 12:04:19'),
(61, 'élő zene_1.jpg', 2, '2026-03-24 12:04:19', '2026-03-24 12:04:19'),
(62, 'élő zene_2.jpg', 2, '2026-03-24 12:04:19', '2026-03-24 12:04:19'),
(63, 'élő zene_3.jpg', 2, '2026-03-24 12:04:19', '2026-03-24 12:04:19'),
(64, 'dj_1.jpg', 3, '2026-03-24 12:04:19', '2026-03-24 12:04:19'),
(65, 'dj_2.jpg', 3, '2026-03-24 12:04:19', '2026-03-24 12:04:19'),
(66, 'dj_3.jpg', 3, '2026-03-24 12:04:19', '2026-03-24 12:04:19'),
(67, 'két fogásos menü_1.jpg', 4, '2026-03-24 12:04:19', '2026-03-24 12:04:19'),
(68, 'két fogásos menü_2.jpg', 4, '2026-03-24 12:04:19', '2026-03-24 12:04:19'),
(69, 'két fogásos menü_3.jpg', 4, '2026-03-24 12:04:19', '2026-03-24 12:04:19'),
(70, 'három fogásos menü_1.jpg', 5, '2026-03-24 12:04:19', '2026-03-24 12:04:19'),
(71, 'három fogásos menü_2.jpg', 5, '2026-03-24 12:04:19', '2026-03-24 12:04:19'),
(72, 'három fogásos menü_3.jpg', 5, '2026-03-24 12:04:19', '2026-03-24 12:04:19'),
(73, 'négy fogásos menü_1.jpg', 6, '2026-03-24 12:04:19', '2026-03-24 12:04:19'),
(74, 'négy fogásos menü_2.jpg', 6, '2026-03-24 12:04:19', '2026-03-24 12:04:19'),
(75, 'négy fogásos menü_3.jpg', 6, '2026-03-24 12:04:19', '2026-03-24 12:04:19'),
(76, 'egyszerű dekoráció_1.jpg', 7, '2026-03-24 12:04:19', '2026-03-24 12:04:19'),
(77, 'egyszerű dekoráció_2.jpg', 7, '2026-03-24 12:04:19', '2026-03-24 12:04:19'),
(78, 'egyszerű dekoráció_3.jpg', 7, '2026-03-24 12:04:19', '2026-03-24 12:04:19'),
(79, 'közepes dekoráció_1.jpg', 8, '2026-03-24 12:04:19', '2026-03-24 12:04:19'),
(80, 'közepes dekoráció_2.jpg', 8, '2026-03-24 12:04:19', '2026-03-24 12:04:19'),
(81, 'közepes dekoráció_3.jpg', 8, '2026-03-24 12:04:19', '2026-03-24 12:04:19'),
(82, 'dekoratív dekoráció_1.jpg', 9, '2026-03-24 12:04:19', '2026-03-24 12:04:19'),
(83, 'dekoratív dekoráció_2.jpg', 9, '2026-03-24 12:04:19', '2026-03-24 12:04:19'),
(84, 'dekoratív dekoráció_3.jpg', 9, '2026-03-24 12:04:19', '2026-03-24 12:04:19');

-- 
-- Dumping data for table sessions
--
-- Table event_organizer.sessions does not contain any data (it is empty)

-- 
-- Dumping data for table personal_access_tokens
--
INSERT INTO personal_access_tokens VALUES
(2, 'App\\Models\\User', 1, '1day-role:1', '4408f9c9971caedd067c34ba90b740d956ee791bc6a4e2358fdae25b9487cf9f', '["*"]', NULL, '2026-03-26 10:55:28', '2026-03-25 10:55:28', '2026-03-25 10:55:28'),
(5, 'App\\Models\\User', 1, '1day-role:1', '7e3166ff297fffffad83773b5a3d17cdf465224b3a4cbbe7ed7ec37f15c5940e', '["*"]', '2026-04-13 07:55:54', '2026-04-14 07:27:10', '2026-04-13 07:27:10', '2026-04-13 07:55:54');

-- 
-- Dumping data for table password_reset_tokens
--
-- Table event_organizer.password_reset_tokens does not contain any data (it is empty)

-- 
-- Dumping data for table order_services
--
INSERT INTO order_services VALUES
(1, 13, 7, '2026-03-24 12:04:19', '2026-03-24 12:04:19'),
(2, 33, 1, '2026-03-24 12:04:19', '2026-03-24 12:04:19'),
(3, 5, 8, '2026-03-24 12:04:19', '2026-03-24 12:04:19'),
(4, 13, 2, '2026-03-24 12:04:19', '2026-03-24 12:04:19'),
(5, 24, 6, '2026-03-24 12:04:19', '2026-03-24 12:04:19'),
(6, 28, 9, '2026-03-24 12:04:19', '2026-03-24 12:04:19'),
(7, 11, 7, '2026-03-24 12:04:19', '2026-03-24 12:04:19'),
(8, 39, 3, '2026-03-24 12:04:19', '2026-03-24 12:04:19'),
(9, 23, 7, '2026-03-24 12:04:19', '2026-03-24 12:04:19'),
(10, 28, 1, '2026-03-24 12:04:19', '2026-03-24 12:04:19'),
(11, 30, 7, '2026-03-24 12:04:19', '2026-03-24 12:04:19'),
(12, 29, 6, '2026-03-24 12:04:19', '2026-03-24 12:04:19'),
(13, 12, 8, '2026-03-24 12:04:19', '2026-03-24 12:04:19'),
(14, 41, 2, '2026-03-24 12:04:19', '2026-03-24 12:04:19'),
(15, 25, 2, '2026-03-24 12:04:19', '2026-03-24 12:04:19'),
(16, 43, 2, '2026-03-24 12:04:19', '2026-03-24 12:04:19'),
(17, 40, 4, '2026-03-24 12:04:19', '2026-03-24 12:04:19'),
(18, 20, 8, '2026-03-24 12:04:19', '2026-03-24 12:04:19'),
(19, 23, 3, '2026-03-24 12:04:19', '2026-03-24 12:04:19'),
(20, 6, 8, '2026-03-24 12:04:19', '2026-03-24 12:04:19'),
(21, 23, 5, '2026-03-24 12:04:19', '2026-03-24 12:04:19'),
(22, 24, 9, '2026-03-24 12:04:19', '2026-03-24 12:04:19'),
(23, 12, 5, '2026-03-24 12:04:19', '2026-03-24 12:04:19'),
(24, 9, 6, '2026-03-24 12:04:19', '2026-03-24 12:04:19'),
(25, 9, 7, '2026-03-24 12:04:19', '2026-03-24 12:04:19'),
(26, 35, 9, '2026-03-24 12:04:19', '2026-03-24 12:04:19'),
(27, 15, 5, '2026-03-24 12:04:19', '2026-03-24 12:04:19'),
(28, 16, 3, '2026-03-24 12:04:19', '2026-03-24 12:04:19'),
(29, 37, 4, '2026-03-24 12:04:19', '2026-03-24 12:04:19'),
(30, 21, 8, '2026-03-24 12:04:19', '2026-03-24 12:04:19'),
(32, 51, 8, '2026-03-25 11:03:11', '2026-03-25 11:03:11'),
(33, 52, 7, '2026-03-25 11:09:14', '2026-03-25 11:09:14'),
(34, 52, 2, '2026-03-25 11:09:15', '2026-03-25 11:09:15'),
(35, 52, 5, '2026-03-25 11:09:15', '2026-03-25 11:09:15'),
(36, 53, 5, '2026-03-25 12:05:44', '2026-03-25 12:05:44'),
(37, 53, 7, '2026-03-25 12:05:44', '2026-03-25 12:05:44'),
(38, 53, 3, '2026-03-25 12:05:44', '2026-03-25 12:05:44');

-- 
-- Dumping data for table migrations
--
INSERT INTO migrations VALUES
(1, '0001_01_01_000000_create_users_table', 1),
(2, '0001_01_01_000001_create_cache_table', 1),
(3, '0001_01_01_000002_create_jobs_table', 1),
(4, '2025_11_04_102115_create_personal_access_tokens_table', 1),
(5, '2025_11_18_081107_add_role_to_users_table', 1),
(6, '2026_01_16_081035_create_service_types_table', 1),
(7, '2026_01_16_081259_create_services_table', 1),
(8, '2026_01_16_081343_create_locations_table', 1),
(9, '2026_01_16_081507_create_orders_table', 1),
(10, '2026_01_16_081529_create_order_services_table', 1),
(11, '2026_03_04_080610_create_pictures_table', 1),
(12, '2026_03_04_081230_create_locations_pictures_table', 1);

-- 
-- Dumping data for table locations_pictures
--
INSERT INTO locations_pictures VALUES
(1, 3, 1, NULL, NULL),
(2, 3, 2, NULL, NULL),
(3, 3, 3, NULL, NULL),
(4, 6, 4, NULL, NULL),
(5, 6, 5, NULL, NULL),
(6, 6, 6, NULL, NULL),
(7, 16, 7, NULL, NULL),
(8, 16, 8, NULL, NULL),
(9, 16, 9, NULL, NULL),
(10, 13, 10, NULL, NULL),
(11, 13, 11, NULL, NULL),
(12, 13, 12, NULL, NULL),
(13, 20, 13, NULL, NULL),
(14, 20, 14, NULL, NULL),
(15, 20, 15, NULL, NULL),
(16, 10, 16, NULL, NULL),
(17, 10, 17, NULL, NULL),
(18, 10, 18, NULL, NULL),
(19, 2, 19, NULL, NULL),
(20, 2, 20, NULL, NULL),
(21, 2, 21, NULL, NULL),
(22, 19, 22, NULL, NULL),
(23, 19, 23, NULL, NULL),
(24, 19, 24, NULL, NULL),
(25, 11, 25, NULL, NULL),
(26, 11, 26, NULL, NULL),
(27, 11, 27, NULL, NULL),
(28, 15, 28, NULL, NULL),
(29, 15, 29, NULL, NULL),
(30, 15, 30, NULL, NULL),
(31, 1, 31, NULL, NULL),
(32, 1, 32, NULL, NULL),
(33, 1, 33, NULL, NULL),
(34, 18, 34, NULL, NULL),
(35, 18, 35, NULL, NULL),
(36, 18, 36, NULL, NULL),
(37, 4, 37, NULL, NULL),
(38, 4, 38, NULL, NULL),
(39, 4, 39, NULL, NULL),
(40, 8, 40, NULL, NULL),
(41, 8, 41, NULL, NULL),
(42, 8, 42, NULL, NULL),
(43, 7, 43, NULL, NULL),
(44, 7, 44, NULL, NULL),
(45, 7, 45, NULL, NULL),
(46, 17, 46, NULL, NULL),
(47, 17, 47, NULL, NULL),
(48, 17, 48, NULL, NULL),
(49, 12, 49, NULL, NULL),
(50, 12, 50, NULL, NULL),
(51, 12, 51, NULL, NULL),
(52, 14, 52, NULL, NULL),
(53, 14, 53, NULL, NULL),
(54, 14, 54, NULL, NULL),
(55, 5, 55, NULL, NULL),
(56, 5, 56, NULL, NULL),
(57, 5, 57, NULL, NULL),
(58, 9, 58, NULL, NULL),
(59, 9, 59, NULL, NULL),
(60, 9, 60, NULL, NULL);

-- 
-- Dumping data for table job_batches
--
-- Table event_organizer.job_batches does not contain any data (it is empty)

-- 
-- Dumping data for table jobs
--
-- Table event_organizer.jobs does not contain any data (it is empty)

-- 
-- Dumping data for table failed_jobs
--
-- Table event_organizer.failed_jobs does not contain any data (it is empty)

-- 
-- Dumping data for table cache_locks
--
-- Table event_organizer.cache_locks does not contain any data (it is empty)

-- 
-- Dumping data for table cache
--
-- Table event_organizer.cache does not contain any data (it is empty)

-- 
-- Restore previous SQL mode
-- 
/*!40101 SET SQL_MODE=@OLD_SQL_MODE */;

-- 
-- Enable foreign keys
-- 
/*!40014 SET FOREIGN_KEY_CHECKS=@OLD_FOREIGN_KEY_CHECKS */;